{"cameraMode":{"drawMode":0,"name":"Shaded","section":"Shading Mode"},"sceneLighting":true,"audioPlay":false,"sceneViewState":{"showFog":true,"showMaterialUpdate":false,"showSkybox":true,"showFlares":true,"showImageEffects":true,"showParticleSystems":true},"in2DMode":false,"pivot":{"x":5.2685089111328129,"y":0.6909273862838745,"z":31.94054412841797},"rotation":{"x":0.046937648206949237,"y":-0.951262891292572,"z":0.18344007432460786,"w":0.2434040755033493},"size":3.214211940765381,"orthographic":false}