{"cameraMode":{"drawMode":0,"name":"Shaded","section":"Shading Mode"},"sceneLighting":false,"audioPlay":false,"sceneViewState":{"showFog":true,"showMaterialUpdate":false,"showSkybox":false,"showFlares":true,"showImageEffects":true,"showParticleSystems":true},"in2DMode":false,"pivot":{"x":0.0,"y":0.8274999856948853,"z":1.6154999732971192},"rotation":{"x":-0.12723693251609803,"y":0.7226634621620178,"z":-0.13823315501213075,"w":-0.6651766896247864},"size":5.989881992340088,"orthographic":false}